timestamp,filename,size_bytes,sha256
2025-05-02_020001,vitalpath_backup_2025-05-02_020001.sql.gz.enc,2359296,a1b2c3d4e5f6a7b8c9d0e1f2a3b4c5d6e7f8a9b0c1d2e3f4a5b6c7d8e9f0a1b2
2025-05-03_020001,vitalpath_backup_2025-05-03_020001.sql.gz.enc,2363392,b2c3d4e5f6a7b8c9d0e1f2a3b4c5d6e7f8a9b0c1d2e3f4a5b6c7d8e9f0a1b2c3
2025-05-04_020001,vitalpath_backup_2025-05-04_020001.sql.gz.enc,2367488,c3d4e5f6a7b8c9d0e1f2a3b4c5d6e7f8a9b0c1d2e3f4a5b6c7d8e9f0a1b2c3d4
2025-05-05_020001,vitalpath_backup_2025-05-05_020001.sql.gz.enc,2371584,d4e5f6a7b8c9d0e1f2a3b4c5d6e7f8a9b0c1d2e3f4a5b6c7d8e9f0a1b2c3d4e5
2025-05-06_020001,vitalpath_backup_2025-05-06_020001.sql.gz.enc,2375680,e5f6a7b8c9d0e1f2a3b4c5d6e7f8a9b0c1d2e3f4a5b6c7d8e9f0a1b2c3d4e5f6
2025-05-07_020001,vitalpath_backup_2025-05-07_020001.sql.gz.enc,2379776,f6a7b8c9d0e1f2a3b4c5d6e7f8a9b0c1d2e3f4a5b6c7d8e9f0a1b2c3d4e5f6a7
2025-05-08_020001,vitalpath_backup_2025-05-08_020001.sql.gz.enc,2383872,a7b8c9d0e1f2a3b4c5d6e7f8a9b0c1d2e3f4a5b6c7d8e9f0a1b2c3d4e5f6a7b8
2025-05-09_020001,vitalpath_backup_2025-05-09_020001.sql.gz.enc,2387968,b8c9d0e1f2a3b4c5d6e7f8a9b0c1d2e3f4a5b6c7d8e9f0a1b2c3d4e5f6a7b8c9
2025-05-10_020001,vitalpath_backup_2025-05-10_020001.sql.gz.enc,2392064,c9d0e1f2a3b4c5d6e7f8a9b0c1d2e3f4a5b6c7d8e9f0a1b2c3d4e5f6a7b8c9d0
2025-05-11_020001,vitalpath_backup_2025-05-11_020001.sql.gz.enc,2396160,d0e1f2a3b4c5d6e7f8a9b0c1d2e3f4a5b6c7d8e9f0a1b2c3d4e5f6a7b8c9d0e1
2025-05-12_020001,vitalpath_backup_2025-05-12_020001.sql.gz.enc,2400256,e1f2a3b4c5d6e7f8a9b0c1d2e3f4a5b6c7d8e9f0a1b2c3d4e5f6a7b8c9d0e1f2
2025-05-13_020001,vitalpath_backup_2025-05-13_020001.sql.gz.enc,2404352,f2a3b4c5d6e7f8a9b0c1d2e3f4a5b6c7d8e9f0a1b2c3d4e5f6a7b8c9d0e1f2a3
2025-05-14_020001,vitalpath_backup_2025-05-14_020001.sql.gz.enc,2408448,a3b4c5d6e7f8a9b0c1d2e3f4a5b6c7d8e9f0a1b2c3d4e5f6a7b8c9d0e1f2a3b4
2025-05-15_020001,vitalpath_backup_2025-05-15_020001.sql.gz.enc,2412544,b4c5d6e7f8a9b0c1d2e3f4a5b6c7d8e9f0a1b2c3d4e5f6a7b8c9d0e1f2a3b4c5
2025-05-16_020001,vitalpath_backup_2025-05-16_020001.sql.gz.enc,2416640,c5d6e7f8a9b0c1d2e3f4a5b6c7d8e9f0a1b2c3d4e5f6a7b8c9d0e1f2a3b4c5d6
2025-05-17_020001,vitalpath_backup_2025-05-17_020001.sql.gz.enc,2420736,d6e7f8a9b0c1d2e3f4a5b6c7d8e9f0a1b2c3d4e5f6a7b8c9d0e1f2a3b4c5d6e7
2025-05-18_020001,vitalpath_backup_2025-05-18_020001.sql.gz.enc,2424832,e7f8a9b0c1d2e3f4a5b6c7d8e9f0a1b2c3d4e5f6a7b8c9d0e1f2a3b4c5d6e7f8
2025-05-19_020001,vitalpath_backup_2025-05-19_020001.sql.gz.enc,2428928,f8a9b0c1d2e3f4a5b6c7d8e9f0a1b2c3d4e5f6a7b8c9d0e1f2a3b4c5d6e7f8a9
2025-05-20_020001,vitalpath_backup_2025-05-20_020001.sql.gz.enc,2433024,a9b0c1d2e3f4a5b6c7d8e9f0a1b2c3d4e5f6a7b8c9d0e1f2a3b4c5d6e7f8a9b0
2025-05-21_020001,vitalpath_backup_2025-05-21_020001.sql.gz.enc,2437120,b0c1d2e3f4a5b6c7d8e9f0a1b2c3d4e5f6a7b8c9d0e1f2a3b4c5d6e7f8a9b0c1
2025-05-22_020001,vitalpath_backup_2025-05-22_020001.sql.gz.enc,2441216,c1d2e3f4a5b6c7d8e9f0a1b2c3d4e5f6a7b8c9d0e1f2a3b4c5d6e7f8a9b0c1d2
2025-05-23_020001,vitalpath_backup_2025-05-23_020001.sql.gz.enc,2445312,d2e3f4a5b6c7d8e9f0a1b2c3d4e5f6a7b8c9d0e1f2a3b4c5d6e7f8a9b0c1d2e3
2025-05-24_020001,vitalpath_backup_2025-05-24_020001.sql.gz.enc,2449408,e3f4a5b6c7d8e9f0a1b2c3d4e5f6a7b8c9d0e1f2a3b4c5d6e7f8a9b0c1d2e3f4
2025-05-25_020001,vitalpath_backup_2025-05-25_020001.sql.gz.enc,2453504,f4a5b6c7d8e9f0a1b2c3d4e5f6a7b8c9d0e1f2a3b4c5d6e7f8a9b0c1d2e3f4a5
2025-05-26_020001,vitalpath_backup_2025-05-26_020001.sql.gz.enc,2457600,a5b6c7d8e9f0a1b2c3d4e5f6a7b8c9d0e1f2a3b4c5d6e7f8a9b0c1d2e3f4a5b6
2025-05-27_020001,vitalpath_backup_2025-05-27_020001.sql.gz.enc,2461696,b6c7d8e9f0a1b2c3d4e5f6a7b8c9d0e1f2a3b4c5d6e7f8a9b0c1d2e3f4a5b6c7
2025-05-28_020001,vitalpath_backup_2025-05-28_020001.sql.gz.enc,2465792,c7d8e9f0a1b2c3d4e5f6a7b8c9d0e1f2a3b4c5d6e7f8a9b0c1d2e3f4a5b6c7d8
2025-05-29_020001,vitalpath_backup_2025-05-29_020001.sql.gz.enc,2469888,d8e9f0a1b2c3d4e5f6a7b8c9d0e1f2a3b4c5d6e7f8a9b0c1d2e3f4a5b6c7d8e9
2025-05-30_020001,vitalpath_backup_2025-05-30_020001.sql.gz.enc,2473984,e9f0a1b2c3d4e5f6a7b8c9d0e1f2a3b4c5d6e7f8a9b0c1d2e3f4a5b6c7d8e9f0
2025-05-31_020001,vitalpath_backup_2025-05-31_020001.sql.gz.enc,2478080,f0a1b2c3d4e5f6a7b8c9d0e1f2a3b4c5d6e7f8a9b0c1d2e3f4a5b6c7d8e9f0a1
2025-06-01_020001,vitalpath_backup_2025-06-01_020001.sql.gz.enc,2482176,a1b2c3d4e5f6a7b8c9d0e1f2a3b4c5d6e7f8a9b0c1d2e3f4a5b6c7d8e9f0a1b2
